Feature,Importance
categorical__Sub-Category_Copiers,0.084972196325573
remainder__Year,0.07234610585410267
categorical__City_Lafayette,0.058296409208495124
categorical__Sub-Category_Machines,0.03938581707799363
categorical__Category_Office Supplies,0.03717699282550522
categorical__Month_October,0.0333692892517868
remainder__Month Number,0.03328420756015819
categorical__Ship Mode_Standard Class,0.022712189868826047
categorical__Sub-Category_Furnishings,0.02231956154184285
categorical__City_Seattle,0.021209209414395844
categorical__Month_March,0.021179041611941
categorical__Segment_Consumer,0.019217899327233934
categorical__City_New York City,0.018888916221279535
categorical__Month_September,0.017777833837965135
categorical__Sub-Category_Binders,0.016810874018059842
categorical__State_Indiana,0.01640785044755023
categorical__Segment_Corporate,0.016148887214596962
categorical__Ship Mode_Second Class,0.015412854040579514
categorical__State_New York,0.015382684704578946
categorical__Ship Mode_First Class,0.015231461781046486
categorical__City_Arlington,0.014723489350011745
remainder__Quarter,0.014683767354333714
categorical__Month_July,0.014242488608164372
categorical__City_San Antonio,0.013775448610584592
categorical__Month_May,0.012856863161101396
categorical__Category_Technology,0.011533724546968709
categorical__Segment_Home Office,0.011153255300058475
categorical__City_San Francisco,0.010351350318929455
categorical__Month_December,0.00911250506144442
categorical__City_Minneapolis,0.007949223154404444
categorical__Sub-Category_Storage,0.007928544219582815
categorical__Month_April,0.007878227164942318
categorical__Month_November,0.007490287801722799
categorical__Month_August,0.006535466908706167
categorical__City_Los Angeles,0.006524141053593162
categorical__Month_June,0.006320458874427572
categorical__Sub-Category_Supplies,0.006312963417999574
categorical__State_California,0.005696324693215069
categorical__City_Lancaster,0.005652537606251585
categorical__City_Philadelphia,0.005409157512853956
categorical__City_Fresno,0.005315536306528129
categorical__State_Virginia,0.005074587169189859
categorical__City_Tallahassee,0.004768135221662498
categorical__City_San Diego,0.004737764777581599
categorical__City_Detroit,0.004645827804635428
categorical__City_Buffalo,0.0046360937381140525
categorical__City_Providence,0.004614243749280544
categorical__Sub-Category_Accessories,0.0045581138143929575
categorical__State_Washington,0.004516242798350166
categorical__Sub-Category_Bookcases,0.004500478293173417
categorical__Ship Mode_Same Day,0.0044420860746282745
categorical__State_Vermont,0.004416479721286215
categorical__State_Pennsylvania,0.004400450647858555
categorical__Month_February,0.004350473401270394
categorical__City_Sacramento,0.0043198759605812325
categorical__Month_January,0.003574442219053927
categorical__Sub-Category_Paper,0.0035451469750581756
categorical__Sub-Category_Chairs,0.0034085567161149326
categorical__City_North Las Vegas,0.0032978452345072133
categorical__State_Missouri,0.0030494481113701494
categorical__Sub-Category_Appliances,0.002934372122482374
categorical__City_Jackson,0.0027708599167136144
categorical__City_Burlington,0.0026729447321001774
categorical__City_Alexandria,0.0026507167220428795
categorical__Sub-Category_Tables,0.0026377586117697915
categorical__Region_East,0.0026312801409594435
categorical__Region_West,0.0024828863485948
categorical__City_Springfield,0.0024827688118730677
categorical__City_Columbia,0.0023482622626161045
categorical__City_Bellingham,0.0022746368453573024
categorical__City_Houston,0.0022157334152465838
categorical__City_Chicago,0.0019946777650750834
categorical__City_Plainfield,0.0019728127728395944
categorical__City_Concord,0.0019442107586811336
categorical__City_Noblesville,0.0019302102425814895
categorical__City_Charlotte,0.0018741893617013664
categorical__City_Nashville,0.0018670024354503112
categorical__City_Long Beach,0.0017610233514611467
categorical__State_Alabama,0.0017528008025264998
categorical__Region_Central,0.0017380839398057277
categorical__State_Kentucky,0.0016926767942239288
categorical__State_Texas,0.00149266706650372
categorical__City_Midland,0.0014860972171805349
categorical__State_Rhode Island,0.0014712092211018257
categorical__State_Michigan,0.0014237560870546772
categorical__City_Florence,0.0014189139282878495
categorical__Category_Furniture,0.0013519480677702527
categorical__City_Denver,0.0013473378633426878
categorical__City_Richmond,0.0012907924026293125
categorical__Region_South,0.00127502785513089
categorical__City_Burbank,0.0012421552000419027
categorical__State_Nevada,0.0012331029608280996
categorical__City_Mobile,0.0012244973733749503
categorical__City_Yonkers,0.0011834901450622033
categorical__City_Beverly,0.0011134536899445047
categorical__City_Morristown,0.001048501963333822
categorical__State_North Carolina,0.0010442992778567116
categorical__City_Lakeville,0.0010418357043532563
categorical__City_Dover,0.0010251262132346896
categorical__State_Maryland,0.0010012140047756933
categorical__State_Illinois,0.0009717680900737547
categorical__Sub-Category_Phones,0.0009567741448590191
categorical__City_Henderson,0.0008986834908294698
categorical__City_Torrance,0.000841677836145918
categorical__City_Knoxville,0.0008354076681708651
categorical__City_Appleton,0.0008239364277119263
categorical__City_Jacksonville,0.0008204122758868996
categorical__City_Columbus,0.0008050091869723274
categorical__City_Fort Worth,0.0008004135558060284
categorical__City_Omaha,0.000794067768471204
categorical__State_Utah,0.0007586364498432544
categorical__City_Westminster,0.0007542230669029512
categorical__City_Santa Ana,0.0007459127640556519
categorical__State_Colorado,0.0007343554515819922
categorical__City_Dallas,0.0007199885011968429
categorical__City_Marietta,0.0007089160410645193
categorical__City_Atlanta,0.0006998874140552939
categorical__City_Milwaukee,0.0006635950345324601
categorical__City_Memphis,0.0006597445102545424
categorical__City_Bethlehem,0.0006409082141599644
categorical__City_Phoenix,0.0006272960632887771
categorical__State_Mississippi,0.0006093142022229746
categorical__State_Georgia,0.000590877438084442
categorical__City_Chesapeake,0.000579028320254646
categorical__City_Huntsville,0.0005784720890116155
categorical__City_Watertown,0.0005690576032300013
categorical__City_Parma,0.0005687846248237531
categorical__State_Oklahoma,0.0005536002113566855
categorical__City_Rockford,0.0005462907713917291
categorical__City_Tulsa,0.0005307530971663277
categorical__State_Ohio,0.0005260137173942504
categorical__City_Lakewood,0.0005142872530091093
categorical__City_Toledo,0.0005082400385980068
categorical__City_Newark,0.0005038680609927763
categorical__City_Fort Lauderdale,0.0004995575774478455
categorical__City_Montgomery,0.0004920855649994734
categorical__State_Minnesota,0.00047120366571625237
categorical__City_Aurora,0.0004695846298834558
categorical__City_Oakland,0.0004680432763576127
categorical__State_Montana,0.00045844369965196196
categorical__City_San Jose,0.0004576192542914516
categorical__City_Great Falls,0.00045466376629462347
categorical__City_Muskogee,0.00045021154052260183
categorical__City_Asheville,0.0004489167427144905
categorical__City_Rochester,0.00044673045026321083
categorical__City_Fairfield,0.0004377061634627771
categorical__City_Carrollton,0.0004322168793891554
categorical__City_Roswell,0.00042217823484620926
categorical__City_Greensboro,0.00042130139277713044
categorical__State_Nebraska,0.00039766983257071427
categorical__State_Wisconsin,0.00039314383052980523
categorical__City_Indianapolis,0.000388869029692521
categorical__City_Gilbert,0.00038686248230104255
categorical__City_Madison,0.00038478888526188187
categorical__City_Sparks,0.0003824003777774174
categorical__City_Redlands,0.00038055503756586186
categorical__City_Cranston,0.00037866786378663864
categorical__City_Huntington Beach,0.0003671545826017742
categorical__State_Arizona,0.00036505521115452874
categorical__State_Florida,0.00036251776772036127
categorical__City_Vallejo,0.00035908105852936476
categorical__City_Clinton,0.0003529803251811239
categorical__City_Lorain,0.0003485364781971579
categorical__City_Franklin,0.00034406480876284174
categorical__City_Tamarac,0.00034295931979851736
categorical__City_Oxnard,0.0003410239854935861
categorical__City_Belleville,0.00033858764691608917
categorical__City_Greenwood,0.00033760395556895693
categorical__City_Tucson,0.0003268452648678914
categorical__State_Massachusetts,0.0003221415114483815
categorical__City_Oklahoma City,0.00031958265050714517
categorical__State_Connecticut,0.00031732115707100705
categorical__City_Marion,0.0003164054290080023
categorical__City_Mount Vernon,0.00031590229840280844
categorical__State_Louisiana,0.0003120566305975046
categorical__City_Wilmington,0.0003085135338353268
categorical__City_Lubbock,0.00030245747905373007
categorical__State_Arkansas,0.00030132012055690717
categorical__State_South Carolina,0.00029445429739006855
categorical__City_Richardson,0.0002862315557884753
categorical__City_Hempstead,0.00028177502747891314
categorical__City_Lowell,0.00027895803931856327
categorical__City_Raleigh,0.0002765814149916414
categorical__City_Oceanside,0.00027619069791236245
categorical__City_Lawrence,0.000274311465482525
categorical__City_Pasadena,0.00027398901125299716
categorical__City_Anaheim,0.0002736415892275671
categorical__City_Cheyenne,0.0002721711129238087
categorical__City_Pleasant Grove,0.000270395027398204
categorical__State_New Hampshire,0.0002693102798856907
categorical__City_Decatur,0.00026782501714266475
categorical__State_Wyoming,0.00026767166782334305
categorical__City_Lakeland,0.0002620273344706847
categorical__City_Riverside,0.00026105920104216426
categorical__City_Hampton,0.00025680763871972366
categorical__City_Colorado Springs,0.000256374335023529
categorical__City_Miami,0.000252540071621127
categorical__City_Tampa,0.000244243155950153
categorical__City_Redondo Beach,0.00024028596750325895
categorical__City_Cleveland,0.0002374733178608748
categorical__City_Louisville,0.00023481494228687336
categorical__City_Roseville,0.00023476753576162222
categorical__City_Gresham,0.00022694913639593757
categorical__Sub-Category_Art,0.00022560358170700998
categorical__City_Athens,0.00022463476792572022
categorical__State_Tennessee,0.00022203642824135007
categorical__City_Sandy Springs,0.0002219769757412471
categorical__City_Plano,0.00021912196102850723
categorical__City_Harrisonburg,0.00021514022844717034
categorical__City_Virginia Beach,0.00020452361497977467
categorical__State_Iowa,0.00019409445344583238
categorical__City_Kent,0.000193921983923003
categorical__City_Kenosha,0.00019177673224595533
categorical__City_Dubuque,0.00019147645720041795
categorical__City_Warwick,0.00018699010852321558
categorical__State_New Jersey,0.00018323082779979656
categorical__State_Delaware,0.00017699141429313925
categorical__City_Troy,0.0001740228051587226
categorical__City_Dublin,0.00017360904034239416
categorical__City_Jonesboro,0.00017055541679530646
categorical__State_Oregon,0.00016984228255923853
categorical__City_Greenville,0.00016585099563738468
categorical__City_Auburn,0.00016189784127002823
categorical__City_Edmond,0.00015218555665631668
categorical__City_South Bend,0.0001493096368807513
categorical__City_Fayetteville,0.00014851225820199261
categorical__City_Washington,0.00014608768648123095
categorical__State_District of Columbia,0.00014468233361968497
categorical__Sub-Category_Envelopes,0.00014364481181895983
categorical__City_Orem,0.00013769593422249287
categorical__City_Brentwood,0.0001366625436699466
categorical__City_Austin,0.0001344690217933662
categorical__City_Chula Vista,0.00013323930979474008
categorical__City_Pasco,0.00013291622792771637
categorical__City_Eugene,0.00013190128490217097
categorical__City_Akron,0.0001271562218823975
categorical__City_Des Moines,0.0001242486439921924
categorical__City_Medina,0.00012198754932343854
categorical__City_Passaic,0.00012079945326750662
categorical__City_Chico,0.00011961176647883804
categorical__City_Superior,0.00011903037814207245
categorical__City_Georgetown,0.0001179010751638124
categorical__City_Stockton,0.00011779320782095839
categorical__City_Glendale,0.0001154624875268906
categorical__City_Dearborn Heights,0.00011480928922743535
categorical__Sub-Category_Fasteners,0.00011149017537577477
categorical__Sub-Category_Labels,0.00010914367393202548
categorical__City_Danville,0.00010787028794487643
categorical__City_Spokane,0.0001039758158132329
categorical__City_Grand Rapids,0.00010346382244295403
categorical__City_Perth Amboy,0.00010344583829874763
categorical__City_Pharr,0.00010235503455738224
categorical__City_Manchester,9.989702174742657e-05
categorical__City_Everett,9.951738074750395e-05
categorical__City_Apopka,9.788234207690278e-05
categorical__City_Fremont,9.757086696242762e-05
categorical__City_Albuquerque,9.338217778102545e-05
categorical__City_El Paso,9.252709605262542e-05
categorical__City_Woodstock,8.724960579745384e-05
categorical__City_Baltimore,8.372957355876443e-05
categorical__City_Ann Arbor,8.165770951028971e-05
categorical__City_Provo,7.845905430079478e-05
categorical__City_Tigard,7.743115977411699e-05
categorical__City_Pomona,7.550025079217771e-05
categorical__City_Monroe,7.416124592841447e-05
categorical__City_La Porte,7.305435391676022e-05
categorical__City_Las Vegas,7.054511232831342e-05
categorical__City_Hialeah,7.005049445218542e-05
categorical__City_Evanston,6.975471652102515e-05
categorical__City_Hackensack,6.791271810715148e-05
categorical__City_Kissimmee,6.772115471904367e-05
categorical__City_Middletown,6.467932743878154e-05
categorical__City_Lansing,6.40450233887286e-05
categorical__City_Saint Louis,6.369076064724454e-05
categorical__City_Saint Cloud,6.331401189065194e-05
categorical__City_Missoula,6.218307648889906e-05
categorical__City_Mesa,6.17747581565685e-05
categorical__City_Miramar,6.16833470292835e-05
categorical__City_Broken Arrow,5.969963819652053e-05
categorical__City_Round Rock,5.9288930593956744e-05
categorical__City_Camarillo,5.837699327056111e-05
categorical__City_Inglewood,5.6281854262602685e-05
categorical__City_Fargo,5.481382154967167e-05
categorical__City_Lake Charles,5.3979110988374123e-05
categorical__City_Olathe,5.25995836086846e-05
categorical__City_Salem,5.225098921178938e-05
categorical__City_Waterbury,5.0200550745677735e-05
categorical__City_La Crosse,4.881117129510266e-05
categorical__State_Idaho,4.715602764594722e-05
categorical__City_Buffalo Grove,4.6756230578291816e-05
categorical__City_Canton,4.6723896578452905e-05
categorical__City_Portland,4.6583698635923165e-05
categorical__City_Suffolk,4.55907809699601e-05
categorical__City_Little Rock,4.534731776044483e-05
categorical__City_Waynesboro,4.413766782070578e-05
categorical__City_Chester,4.257971937902564e-05
categorical__City_Newport News,4.123457995156347e-05
categorical__City_Brownsville,4.081224102374743e-05
categorical__City_Hattiesburg,3.9521525624422964e-05
categorical__City_Naperville,3.925887254280867e-05
categorical__City_Pocatello,3.86950868608349e-05
categorical__State_North Dakota,3.8561356619861814e-05
categorical__City_Gastonia,3.835466299755507e-05
categorical__City_Woodbury,3.816294146530728e-05
categorical__City_Durham,3.769737468542411e-05
categorical__City_Cincinnati,3.71414274390498e-05
categorical__City_Paterson,3.607922765659458e-05
categorical__City_Hollywood,3.571381933570403e-05
categorical__City_Green Bay,3.4474640697998116e-05
categorical__City_Murrieta,3.43334370831196e-05
categorical__City_Hoover,3.428448405349505e-05
categorical__State_Kansas,3.3429293841255806e-05
categorical__City_Wheeling,3.291196365028607e-05
categorical__State_West Virginia,3.263051585223332e-05
categorical__City_Southaven,3.253564964073536e-05
categorical__City_Summerville,3.028861691505464e-05
categorical__City_Smyrna,2.899152519388854e-05
categorical__City_Pembroke Pines,2.788613527346412e-05
categorical__City_Santa Barbara,2.7694123778628958e-05
categorical__City_Irving,2.76612372294811e-05
categorical__City_Manteca,2.7460640993534945e-05
categorical__City_Sioux Falls,2.7280567161484562e-05
categorical__City_Revere,2.7167219206595864e-05
categorical__City_Pueblo,2.713659778718184e-05
categorical__City_Bristol,2.712098787789987e-05
categorical__State_South Dakota,2.7072523730549293e-05
categorical__City_Freeport,2.587815310786161e-05
categorical__City_Apple Valley,2.5598830216472444e-05
categorical__City_Parker,2.5307370389239143e-05
categorical__City_New Rochelle,2.4947462474368968e-05
categorical__City_Bangor,2.467992992609832e-05
categorical__City_Lawton,2.370735568709052e-05
categorical__City_Salt Lake City,2.2999565979791894e-05
categorical__City_Elmhurst,2.2975498299276447e-05
categorical__City_Morgan Hill,2.2741907969670385e-05
categorical__City_Temecula,2.2505648794975954e-05
categorical__City_Mcallen,2.2086849555887426e-05
categorical__City_Wichita,2.1918696937347462e-05
categorical__City_Broomfield,2.184733345422766e-05
categorical__City_Saint Petersburg,2.1530191796454114e-05
categorical__City_Carol Stream,2.099097831680635e-05
categorical__State_Maine,2.0655092748397383e-05
categorical__City_Eau Claire,2.0579082078254255e-05
categorical__City_Thornton,2.0496125876821223e-05
categorical__City_Edmonds,2.0000240989439096e-05
categorical__City_Olympia,1.9249934792404773e-05
categorical__City_Johnson City,1.8641259596056782e-05
categorical__City_Mishawaka,1.8624105676962576e-05
categorical__City_Bowling Green,1.812120887558112e-05
categorical__City_Orland Park,1.81038567678994e-05
categorical__City_Pearland,1.8039460105583517e-05
categorical__City_Wausau,1.7818258981869324e-05
categorical__City_Norwich,1.7768070600306705e-05
categorical__City_Des Plaines,1.7583474157983477e-05
categorical__City_Fort Collins,1.7364735677304054e-05
categorical__City_Mount Pleasant,1.721498376728774e-05
categorical__State_New Mexico,1.6667816630402476e-05
categorical__City_Vancouver,1.6588657271002633e-05
categorical__City_Odessa,1.640952597140718e-05
categorical__City_Oak Park,1.6288022609246368e-05
categorical__City_Overland Park,1.5956371351763604e-05
categorical__City_Peoria,1.568559418710742e-05
categorical__City_Whittier,1.538063529340449e-05
categorical__City_Bloomington,1.5299073940611426e-05
categorical__City_Westland,1.5279563896373498e-05
categorical__City_Park Ridge,1.512024065352287e-05
categorical__City_Chandler,1.5092923571348546e-05
categorical__City_Longmont,1.4942439152920116e-05
categorical__City_Mission Viejo,1.469793279512394e-05
categorical__City_Hesperia,1.467225951791681e-05
categorical__City_Waco,1.4562625537751072e-05
categorical__City_Chattanooga,1.3677749704787984e-05
categorical__City_Boynton Beach,1.3071691956395374e-05
categorical__City_Rome,1.2417406265132966e-05
categorical__City_Sunnyvale,1.1722111103699326e-05
categorical__City_Clifton,1.1434962294244136e-05
categorical__City_Costa Mesa,1.0861822139743879e-05
categorical__City_Skokie,1.0826331298079507e-05
categorical__City_Highland Park,1.0601615467515866e-05
categorical__City_Sanford,1.0446641491888073e-05
categorical__City_Milford,1.0182620700667268e-05
categorical__City_Woodland,1.0068570021279099e-05
categorical__City_Lehi,9.916105449266001e-06
categorical__City_Plantation,9.851922003714097e-06
categorical__City_Saint Charles,9.47960111123881e-06
categorical__City_Amarillo,9.475462186018032e-06
categorical__City_League City,9.245224281738301e-06
categorical__City_Bossier City,9.227723927788097e-06
categorical__City_Utica,9.100234916559307e-06
categorical__City_Tyler,9.068357629233123e-06
categorical__City_Bakersfield,8.595617708211053e-06
categorical__City_La Mesa,8.392554282462163e-06
categorical__City_San Angelo,8.19640679003454e-06
categorical__City_Texas City,8.092543696211523e-06
categorical__City_Redmond,8.065319303948321e-06
categorical__City_Trenton,8.050599420128863e-06
categorical__City_Moreno Valley,8.001210279677633e-06
categorical__City_Scottsdale,7.943755315838571e-06
categorical__City_Saint Peters,7.941674804111776e-06
categorical__City_New Albany,7.453118009891127e-06
categorical__City_Lebanon,7.335318902285383e-06
categorical__City_Harlingen,7.317673413943916e-06
categorical__City_Conway,7.311774271069698e-06
categorical__City_Quincy,6.9404460616093654e-06
categorical__City_Laredo,6.907473173337637e-06
categorical__City_Tuscaloosa,6.760479748393623e-06
categorical__City_Westfield,6.678792397975855e-06
categorical__City_Coon Rapids,6.4929432338705175e-06
categorical__City_Grand Prairie,6.228828581113055e-06
categorical__City_El Cajon,6.144660588876241e-06
categorical__City_Texarkana,6.110114882027204e-06
categorical__City_Port Arthur,6.084203495853976e-06
categorical__City_Hendersonville,6.079796414166192e-06
categorical__City_Renton,5.971908032158388e-06
categorical__City_Taylor,5.960901547365244e-06
categorical__City_Tempe,5.7627699572291405e-06
categorical__City_Visalia,5.75176612600847e-06
categorical__City_Modesto,5.3780916599500395e-06
categorical__City_Orlando,5.27798376943227e-06
categorical__City_Covington,5.2409545283662135e-06
categorical__City_Vineland,5.214016259079352e-06
categorical__City_Mentor,4.953303333693563e-06
categorical__City_Wilson,4.817466733488601e-06
categorical__City_Murray,4.622903066453246e-06
categorical__City_Helena,4.420131976563885e-06
categorical__City_Arvada,4.393825406684714e-06
categorical__City_Thousand Oaks,4.392551729357544e-06
categorical__City_East Point,4.0984803716423016e-06
categorical__City_Dearborn,3.9405437301570905e-06
categorical__City_Haltom City,3.923640008950654e-06
categorical__City_Palm Coast,3.923401145902339e-06
categorical__City_Cambridge,3.8669363070181535e-06
categorical__City_North Charleston,3.7454607614979417e-06
categorical__City_Champaign,3.7089573352518575e-06
categorical__City_Pine Bluff,3.468845401636633e-06
categorical__City_Daytona Beach,3.4354031408716097e-06
categorical__City_Warner Robins,3.425355372595997e-06
categorical__City_Cary,3.410488991971451e-06
categorical__City_Draper,3.378282801808278e-06
categorical__City_Kirkwood,3.371844692661684e-06
categorical__City_West Allis,3.349025840817716e-06
categorical__City_Redding,3.069257937965943e-06
categorical__City_Cedar Hill,2.9360541488061397e-06
categorical__City_New Castle,2.9114681053777917e-06
categorical__City_Allentown,2.879111251082693e-06
categorical__City_Moorhead,2.7808474945589107e-06
categorical__City_Rockville,2.6938320933884046e-06
categorical__City_West Jordan,2.5988238107411443e-06
categorical__City_Meridian,2.5898454991509944e-06
categorical__City_Marysville,2.40523080448539e-06
categorical__City_Citrus Heights,2.3422524859270372e-06
categorical__City_San Bernardino,2.3236045903701212e-06
categorical__City_Allen,2.2851434878121e-06
categorical__City_Santa Maria,2.231758545805032e-06
categorical__City_Pico Rivera,2.2135171052095053e-06
categorical__City_Lincoln Park,2.1987276246732185e-06
categorical__City_Macon,2.1899713062898078e-06
categorical__City_Hot Springs,2.1738225488263123e-06
categorical__City_Coral Gables,2.115323301689168e-06
categorical__City_Deltona,2.1139233295879137e-06
categorical__City_Boise,2.0869262233071373e-06
categorical__City_Clarksville,2.0323636759766216e-06
categorical__City_West Palm Beach,1.8206129488316046e-06
categorical__City_Bolingbrook,1.8170592971062778e-06
categorical__City_Port Saint Lucie,1.6963610226562754e-06
categorical__City_Saginaw,1.6737817337488045e-06
categorical__City_Rancho Cucamonga,1.6584200552069355e-06
categorical__City_Andover,1.6395217142563508e-06
categorical__City_Santa Clara,1.6001196492628375e-06
categorical__City_Littleton,1.5550206938345855e-06
categorical__City_Pompano Beach,1.5327644798344718e-06
categorical__City_The Colony,1.5281837721518792e-06
categorical__City_Cedar Rapids,1.5281335287364853e-06
categorical__City_Cottage Grove,1.446542184170058e-06
categorical__City_Holland,1.4376939472348263e-06
categorical__City_Laguna Niguel,1.4019984979818662e-06
categorical__City_Goldsboro,1.3984549942790118e-06
categorical__City_Sheboygan,1.3547154031804134e-06
categorical__City_Meriden,1.2526000461117123e-06
categorical__City_Caldwell,1.2466403341720346e-06
categorical__City_Coral Springs,1.2295662531241974e-06
categorical__City_Niagara Falls,1.2153969710208209e-06
categorical__City_Rio Rancho,1.1979472843020367e-06
categorical__City_Ontario,1.196495767142121e-06
categorical__City_Laurel,1.1903482612000814e-06
categorical__City_Malden,1.1693891605577316e-06
categorical__City_Bedford,1.1234444750706862e-06
categorical__City_Bayonne,1.1233566926012874e-06
categorical__City_Edinburg,1.0687985202681897e-06
categorical__City_Coppell,1.0423081743722428e-06
categorical__City_Lake Forest,1.0341492694194546e-06
categorical__City_Jamestown,9.008387715929788e-07
categorical__City_Avondale,8.948504549693538e-07
categorical__City_Logan,8.936080165179276e-07
categorical__City_San Mateo,8.713907027413281e-07
categorical__City_Hickory,8.476769433298342e-07
categorical__City_Beaumont,7.993626430829883e-07
categorical__City_Corpus Christi,7.95403024461119e-07
categorical__City_Grove City,7.679042261929297e-07
categorical__City_San Clemente,7.56581934060893e-07
categorical__City_Holyoke,7.078300012876621e-07
categorical__City_Mesquite,6.973092359194719e-07
categorical__City_Woonsocket,6.96762081120804e-07
categorical__City_Yuma,6.962831061171086e-07
categorical__City_York,6.882806060508043e-07
categorical__City_Manhattan,6.784813878319266e-07
categorical__City_Boca Raton,6.684344959159118e-07
categorical__City_Hamilton,6.642559466035389e-07
categorical__City_Maple Grove,6.526721269752872e-07
categorical__City_Coachella,6.473717008324508e-07
categorical__City_Encinitas,6.359242481223014e-07
categorical__City_Elkhart,6.059765638357523e-07
categorical__City_Farmington,5.947696698904189e-07
categorical__City_Salinas,5.773808508277265e-07
categorical__City_San Marcos,5.421356064913087e-07
categorical__City_Gulfport,5.408528922847931e-07
categorical__City_Conroe,5.38114271188239e-07
categorical__City_Carlsbad,5.034202585945462e-07
categorical__City_Norman,4.782433337361956e-07
categorical__City_College Station,3.987266089014531e-07
categorical__City_Escondido,3.9242416551899073e-07
categorical__City_Rapid City,3.920903748676396e-07
categorical__City_New Bedford,3.903791295405915e-07
categorical__City_Saint Paul,3.6791293905824425e-07
categorical__City_Melbourne,3.512239579233477e-07
categorical__City_Yucaipa,3.4630929346034156e-07
categorical__City_La Quinta,3.372204831150225e-07
categorical__City_Delray Beach,3.254500396524829e-07
categorical__City_Homestead,3.1413552563241375e-07
categorical__City_Eagan,3.108239297460225e-07
categorical__City_Jefferson City,3.0937499323841693e-07
categorical__City_Bartlett,2.7746498709459895e-07
categorical__City_Leominster,2.693812684070263e-07
categorical__City_Sierra Vista,2.455151321815225e-07
categorical__City_Lindenhurst,2.446900841797722e-07
categorical__City_East Orange,2.3621028694146338e-07
categorical__City_Marlborough,2.312519456845922e-07
categorical__City_Rochester Hills,2.215121914277516e-07
categorical__City_Frisco,2.1676022213390585e-07
categorical__City_Garden City,2.1121666966930852e-07
categorical__City_Linden,2.1026861569942514e-07
categorical__City_Murfreesboro,1.995276421943129e-07
categorical__City_Lewiston,1.9393209248950435e-07
categorical__City_Palatine,1.8918835427143046e-07
categorical__City_Orange,1.81449681882993e-07
categorical__City_Kenner,1.6699238909081127e-07
categorical__City_Hillsboro,1.6496442378034903e-07
categorical__City_Royal Oak,1.6405894341993128e-07
categorical__City_Charlottesville,1.6391044609796833e-07
categorical__City_Santa Fe,1.4126979170085248e-07
categorical__City_Medford,1.3654474998835994e-07
categorical__City_Shelton,1.296739432566585e-07
categorical__City_Nashua,1.241488069972345e-07
categorical__City_Hagerstown,1.0986691344221614e-07
categorical__City_Frankfort,1.0540800433146289e-07
categorical__City_Garland,1.043208339381787e-07
categorical__City_Redwood City,1.0269643411568374e-07
categorical__City_Grapevine,1.0024481083721574e-07
categorical__City_Bullhead City,9.924882414217935e-08
categorical__City_Reading,9.786330384048157e-08
categorical__City_Las Cruces,9.15113367452764e-08
categorical__City_Waterloo,8.415177471600627e-08
categorical__City_Cuyahoga Falls,7.788518187159713e-08
categorical__City_Mansfield,6.037151251421439e-08
categorical__City_Bryan,5.098385443404127e-08
categorical__City_Danbury,4.239958949388225e-08
categorical__City_Bellevue,4.1804861383751554e-08
categorical__City_Urbandale,3.880564496179195e-08
categorical__City_Loveland,3.521100279312258e-08
categorical__City_Antioch,3.109728333763068e-08
categorical__City_Twin Falls,3.1071581225384215e-08
categorical__City_Greeley,2.5748582373063936e-08
categorical__City_Sterling Heights,2.392794383344698e-08
categorical__City_Thomasville,1.672243442032074e-08
categorical__City_Bridgeton,1.629092924042138e-08
categorical__City_Deer Park,1.626378025090361e-08
categorical__City_Jupiter,1.4570501536033902e-08
categorical__City_Baytown,1.3906476639617513e-08
categorical__City_Longview,1.3559763580161806e-08
categorical__City_Tinley Park,1.2554961526243994e-08
categorical__City_Port Orange,1.2212614619953492e-08
categorical__City_Atlantic City,1.1779716455410307e-08
categorical__City_Aberdeen,1.0788416083971963e-08
categorical__City_Altoona,9.515567505446486e-09
categorical__City_Oswego,8.189814884944163e-09
categorical__City_Pensacola,6.496380324324921e-09
categorical__City_Keller,6.196884486141294e-09
categorical__City_Portage,6.107139914349232e-09
categorical__City_Reno,5.771291727271728e-09
categorical__City_Ormond Beach,5.595210101630436e-09
categorical__City_North Miami,5.163850445496056e-09
categorical__City_Chapel Hill,5.08399669933029e-09
categorical__City_San Luis Obispo,4.831040038741687e-09
categorical__City_Owensboro,4.366337336923003e-09
categorical__City_Iowa City,3.622436158122087e-09
categorical__City_Clovis,3.397030927788605e-09
categorical__City_Bozeman,2.9759985500963856e-09
categorical__City_Arlington Heights,2.5640414326225006e-09
categorical__City_Grand Island,1.7119246215397412e-09
categorical__City_Missouri City,1.1637162027055616e-09
categorical__City_Layton,1.0431857941844293e-09
categorical__City_Rock Hill,5.011509439429021e-10
categorical__City_New Brunswick,1.9510432330563121e-10
categorical__Country_United States,0.0
